"","marital","mean_tv_hours"
"1","No answer",2.75
"2","Never married",3.39804469273743
"3","Separated",3.65178571428571
"4","Divorced",3.1312462372065
"5","Widowed",3.91523713420787
"6","Married",2.657712305026
