"","marital","mean_tv_hours"
"1","No answer",2.75
"2","Never married",3.61761006289308
"3","Separated",3.8859649122807
"4","Divorced",3.26235465116279
"5","Widowed",3.9417273673257
"6","Married",2.80204081632653
